-- phpMyAdmin SQL Dump
-- version 4.8.4
-- https://www.phpmyadmin.net/
--
-- Hôte : 127.0.0.1:3306
-- Généré le :  mar. 12 mai 2020 à 20:47
-- Version du serveur :  5.7.24
-- Version de PHP :  7.2.14

SET SQL_MODE = "NO_AUTO_VALUE_ON_ZERO";
SET AUTOCOMMIT = 0;
START TRANSACTION;
SET time_zone = "+00:00";


/*!40101 SET @OLD_CHARACTER_SET_CLIENT=@@CHARACTER_SET_CLIENT */;
/*!40101 SET @OLD_CHARACTER_SET_RESULTS=@@CHARACTER_SET_RESULTS */;
/*!40101 SET @OLD_COLLATION_CONNECTION=@@COLLATION_CONNECTION */;
/*!40101 SET NAMES utf8mb4 */;

--
-- Base de données :  `ynovprojet`
--

-- --------------------------------------------------------

--
-- Structure de la table `casemap`
--

DROP TABLE IF EXISTS `casemap`;
CREATE TABLE IF NOT EXISTS `casemap` (
  `id` int(11) NOT NULL AUTO_INCREMENT,
  `id_map` int(11) NOT NULL,
  `mur` tinyint(1) NOT NULL,
  `x` int(11) NOT NULL,
  `y` int(11) NOT NULL,
  `depart` tinyint(1) NOT NULL,
  `fin` tinyint(1) NOT NULL,
  `boue` tinyint(1) NOT NULL,
  `piege` tinyint(1) NOT NULL,
  PRIMARY KEY (`id`),
  KEY `id_map` (`id_map`)
) ENGINE=InnoDB AUTO_INCREMENT=301 DEFAULT CHARSET=latin1;

--
-- Déchargement des données de la table `casemap`
--

INSERT INTO `casemap` (`id`, `id_map`, `mur`, `x`, `y`, `depart`, `fin`, `boue`, `piege`) VALUES
(1, 5, 1, 115, 44, 1, 0, 0, 0),
(2, 5, 1, 154, 44, 0, 0, 0, 0),
(3, 5, 1, 193, 44, 0, 0, 0, 0),
(4, 5, 1, 232, 44, 0, 0, 0, 0),
(5, 5, 1, 271, 44, 0, 0, 0, 0),
(6, 5, 1, 310, 44, 0, 0, 0, 0),
(7, 5, 1, 349, 44, 0, 0, 0, 0),
(8, 5, 1, 388, 44, 0, 0, 0, 0),
(9, 5, 1, 427, 44, 0, 0, 0, 0),
(10, 5, 1, 466, 44, 0, 0, 0, 0),
(11, 5, 1, 505, 44, 0, 0, 0, 0),
(12, 5, 1, 544, 44, 0, 0, 0, 0),
(13, 5, 1, 583, 44, 0, 0, 0, 0),
(14, 5, 1, 622, 44, 0, 0, 0, 0),
(15, 5, 1, 661, 44, 0, 0, 0, 0),
(16, 5, 1, 115, 83, 0, 0, 0, 0),
(17, 5, 1, 154, 83, 0, 0, 0, 0),
(18, 5, 1, 193, 83, 0, 0, 0, 0),
(19, 5, 1, 232, 83, 0, 0, 0, 0),
(20, 5, 1, 271, 83, 0, 0, 0, 0),
(21, 5, 1, 310, 83, 0, 0, 0, 0),
(22, 5, 1, 349, 83, 0, 0, 0, 0),
(23, 5, 1, 388, 83, 0, 0, 0, 0),
(24, 5, 1, 427, 83, 0, 0, 0, 0),
(25, 5, 1, 466, 83, 0, 0, 0, 0),
(26, 5, 1, 505, 83, 0, 0, 0, 0),
(27, 5, 1, 544, 83, 0, 0, 0, 0),
(28, 5, 1, 583, 83, 0, 0, 0, 0),
(29, 5, 1, 622, 83, 0, 0, 0, 0),
(30, 5, 1, 661, 83, 0, 0, 0, 0),
(31, 5, 1, 115, 122, 0, 0, 0, 0),
(32, 5, 1, 154, 122, 0, 0, 0, 0),
(33, 5, 1, 193, 122, 0, 0, 0, 0),
(34, 5, 1, 232, 122, 0, 0, 0, 0),
(35, 5, 1, 271, 122, 0, 0, 0, 0),
(36, 5, 1, 310, 122, 0, 0, 0, 0),
(37, 5, 1, 349, 122, 0, 0, 0, 0),
(38, 5, 1, 388, 122, 0, 0, 0, 0),
(39, 5, 1, 427, 122, 0, 0, 0, 0),
(40, 5, 1, 466, 122, 0, 0, 0, 0),
(41, 5, 1, 505, 122, 0, 0, 0, 0),
(42, 5, 1, 544, 122, 0, 0, 0, 0),
(43, 5, 1, 583, 122, 0, 0, 0, 0),
(44, 5, 1, 622, 122, 0, 0, 0, 0),
(45, 5, 1, 661, 122, 0, 0, 0, 0),
(46, 5, 1, 115, 161, 0, 0, 0, 0),
(47, 5, 1, 154, 161, 0, 0, 0, 0),
(48, 5, 1, 193, 161, 0, 0, 0, 0),
(49, 5, 1, 232, 161, 0, 0, 0, 0),
(50, 5, 1, 271, 161, 0, 0, 0, 0),
(51, 5, 1, 310, 161, 0, 0, 0, 0),
(52, 5, 1, 349, 161, 0, 0, 0, 0),
(53, 5, 1, 388, 161, 0, 0, 0, 0),
(54, 5, 1, 427, 161, 0, 0, 0, 0),
(55, 5, 1, 466, 161, 0, 0, 0, 0),
(56, 5, 1, 505, 161, 0, 0, 0, 0),
(57, 5, 1, 544, 161, 0, 0, 0, 0),
(58, 5, 1, 583, 161, 0, 0, 0, 0),
(59, 5, 1, 622, 161, 0, 0, 0, 0),
(60, 5, 1, 661, 161, 0, 0, 0, 0),
(61, 5, 1, 115, 200, 0, 0, 0, 0),
(62, 5, 1, 154, 200, 0, 0, 0, 0),
(63, 5, 1, 193, 200, 0, 0, 0, 0),
(64, 5, 1, 232, 200, 0, 0, 0, 0),
(65, 5, 1, 271, 200, 0, 0, 0, 0),
(66, 5, 1, 310, 200, 0, 0, 0, 0),
(67, 5, 1, 349, 200, 0, 0, 0, 0),
(68, 5, 1, 388, 200, 0, 0, 0, 0),
(69, 5, 1, 427, 200, 0, 0, 0, 0),
(70, 5, 1, 466, 200, 0, 0, 0, 0),
(71, 5, 1, 505, 200, 0, 0, 0, 0),
(72, 5, 1, 544, 200, 0, 0, 0, 0),
(73, 5, 1, 583, 200, 0, 0, 0, 0),
(74, 5, 1, 622, 200, 0, 0, 0, 0),
(75, 5, 1, 661, 200, 0, 0, 0, 0),
(76, 5, 1, 115, 239, 0, 0, 0, 0),
(77, 5, 1, 154, 239, 0, 0, 0, 0),
(78, 5, 1, 193, 239, 0, 0, 0, 0),
(79, 5, 1, 232, 239, 0, 0, 0, 0),
(80, 5, 1, 271, 239, 0, 0, 0, 0),
(81, 5, 1, 310, 239, 0, 0, 0, 0),
(82, 5, 1, 349, 239, 0, 0, 0, 0),
(83, 5, 1, 388, 239, 0, 0, 0, 0),
(84, 5, 1, 427, 239, 0, 0, 0, 0),
(85, 5, 1, 466, 239, 0, 0, 0, 0),
(86, 5, 1, 505, 239, 0, 0, 0, 0),
(87, 5, 1, 544, 239, 0, 0, 0, 0),
(88, 5, 1, 583, 239, 0, 0, 0, 0),
(89, 5, 1, 622, 239, 0, 0, 0, 0),
(90, 5, 1, 661, 239, 0, 0, 0, 0),
(91, 5, 1, 115, 278, 0, 0, 0, 0),
(92, 5, 1, 154, 278, 0, 0, 0, 0),
(93, 5, 1, 193, 278, 0, 0, 0, 0),
(94, 5, 1, 232, 278, 0, 0, 0, 0),
(95, 5, 1, 271, 278, 0, 0, 0, 0),
(96, 5, 1, 310, 278, 0, 0, 0, 0),
(97, 5, 1, 349, 278, 0, 0, 0, 0),
(98, 5, 1, 388, 278, 0, 0, 0, 0),
(99, 5, 1, 427, 278, 0, 0, 0, 0),
(100, 5, 1, 466, 278, 0, 0, 0, 0),
(101, 5, 1, 505, 278, 0, 0, 0, 0),
(102, 5, 1, 544, 278, 0, 0, 0, 0),
(103, 5, 1, 583, 278, 0, 0, 0, 0),
(104, 5, 1, 622, 278, 0, 0, 0, 0),
(105, 5, 1, 661, 278, 0, 0, 0, 0),
(106, 5, 1, 115, 317, 0, 0, 0, 0),
(107, 5, 1, 154, 317, 0, 0, 0, 0),
(108, 5, 1, 193, 317, 0, 0, 0, 0),
(109, 5, 1, 232, 317, 0, 0, 0, 0),
(110, 5, 1, 271, 317, 0, 1, 0, 0),
(111, 5, 1, 310, 317, 0, 0, 0, 0),
(112, 5, 1, 349, 317, 0, 0, 0, 0),
(113, 5, 1, 388, 317, 0, 0, 0, 0),
(114, 5, 1, 427, 317, 0, 0, 0, 0),
(115, 5, 1, 466, 317, 0, 0, 0, 0),
(116, 5, 1, 505, 317, 0, 0, 0, 0),
(117, 5, 1, 544, 317, 0, 0, 0, 0),
(118, 5, 1, 583, 317, 0, 0, 0, 0),
(119, 5, 1, 622, 317, 0, 0, 0, 0),
(120, 5, 1, 661, 317, 0, 0, 0, 0),
(121, 5, 1, 115, 356, 0, 0, 0, 0),
(122, 5, 1, 154, 356, 0, 0, 0, 0),
(123, 5, 1, 193, 356, 0, 0, 0, 0),
(124, 5, 1, 232, 356, 0, 0, 0, 0),
(125, 5, 1, 271, 356, 0, 0, 0, 0),
(126, 5, 1, 310, 356, 0, 0, 0, 0),
(127, 5, 1, 349, 356, 0, 0, 0, 0),
(128, 5, 1, 388, 356, 0, 0, 0, 0),
(129, 5, 1, 427, 356, 0, 0, 0, 0),
(130, 5, 1, 466, 356, 0, 0, 0, 0),
(131, 5, 1, 505, 356, 0, 0, 0, 0),
(132, 5, 1, 544, 356, 0, 0, 0, 0),
(133, 5, 1, 583, 356, 0, 0, 0, 0),
(134, 5, 1, 622, 356, 0, 0, 0, 0),
(135, 5, 1, 661, 356, 0, 0, 0, 0),
(136, 5, 1, 115, 395, 0, 0, 0, 0),
(137, 5, 1, 154, 395, 0, 0, 0, 0),
(138, 5, 1, 193, 395, 0, 0, 0, 0),
(139, 5, 1, 232, 395, 0, 0, 0, 0),
(140, 5, 1, 271, 395, 0, 0, 0, 0),
(141, 5, 1, 310, 395, 0, 0, 0, 0),
(142, 5, 1, 349, 395, 0, 0, 0, 0),
(143, 5, 1, 388, 395, 0, 0, 0, 0),
(144, 5, 1, 427, 395, 0, 0, 0, 0),
(145, 5, 1, 466, 395, 0, 0, 0, 0),
(146, 5, 1, 505, 395, 0, 0, 0, 0),
(147, 5, 1, 544, 395, 0, 0, 0, 0),
(148, 5, 1, 583, 395, 0, 0, 0, 0),
(149, 5, 1, 622, 395, 0, 0, 0, 0),
(150, 5, 1, 661, 395, 0, 0, 0, 0),
(151, 6, 1, 115, 44, 0, 0, 0, 0),
(152, 6, 1, 154, 44, 0, 0, 0, 0),
(153, 6, 1, 193, 44, 0, 0, 0, 0),
(154, 6, 1, 232, 44, 0, 0, 0, 0),
(155, 6, 1, 271, 44, 0, 0, 0, 0),
(156, 6, 1, 310, 44, 0, 0, 0, 0),
(157, 6, 1, 349, 44, 0, 0, 0, 0),
(158, 6, 1, 388, 44, 0, 0, 0, 0),
(159, 6, 1, 427, 44, 0, 0, 0, 0),
(160, 6, 1, 466, 44, 0, 0, 0, 0),
(161, 6, 1, 505, 44, 0, 0, 0, 0),
(162, 6, 1, 544, 44, 0, 0, 0, 0),
(163, 6, 1, 583, 44, 0, 0, 0, 0),
(164, 6, 1, 622, 44, 0, 0, 0, 0),
(165, 6, 1, 661, 44, 0, 0, 0, 0),
(166, 6, 1, 115, 83, 0, 0, 0, 0),
(167, 6, 1, 154, 83, 0, 0, 0, 0),
(168, 6, 1, 193, 83, 0, 0, 0, 0),
(169, 6, 1, 232, 83, 0, 0, 0, 0),
(170, 6, 1, 271, 83, 0, 0, 0, 0),
(171, 6, 1, 310, 83, 0, 0, 0, 0),
(172, 6, 1, 349, 83, 0, 0, 0, 0),
(173, 6, 1, 388, 83, 0, 0, 0, 0),
(174, 6, 1, 427, 83, 0, 0, 0, 0),
(175, 6, 1, 466, 83, 0, 0, 0, 0),
(176, 6, 1, 505, 83, 0, 0, 0, 0),
(177, 6, 1, 544, 83, 0, 0, 0, 0),
(178, 6, 1, 583, 83, 0, 0, 0, 0),
(179, 6, 1, 622, 83, 0, 0, 0, 0),
(180, 6, 1, 661, 83, 0, 0, 0, 0),
(181, 6, 1, 115, 122, 0, 0, 0, 0),
(182, 6, 1, 154, 122, 0, 0, 0, 0),
(183, 6, 1, 193, 122, 0, 0, 0, 0),
(184, 6, 1, 232, 122, 0, 0, 0, 0),
(185, 6, 1, 271, 122, 0, 0, 0, 0),
(186, 6, 1, 310, 122, 0, 0, 0, 0),
(187, 6, 1, 349, 122, 0, 0, 0, 0),
(188, 6, 1, 388, 122, 0, 0, 0, 0),
(189, 6, 1, 427, 122, 0, 0, 0, 0),
(190, 6, 1, 466, 122, 0, 0, 0, 0),
(191, 6, 1, 505, 122, 0, 0, 0, 0),
(192, 6, 1, 544, 122, 0, 0, 0, 0),
(193, 6, 1, 583, 122, 0, 0, 0, 0),
(194, 6, 1, 622, 122, 0, 0, 0, 0),
(195, 6, 1, 661, 122, 0, 0, 0, 0),
(196, 6, 1, 115, 161, 0, 0, 0, 0),
(197, 6, 1, 154, 161, 0, 0, 0, 0),
(198, 6, 1, 193, 161, 1, 0, 0, 0),
(199, 6, 1, 232, 161, 0, 0, 0, 0),
(200, 6, 1, 271, 161, 0, 0, 0, 0),
(201, 6, 1, 310, 161, 0, 0, 0, 0),
(202, 6, 1, 349, 161, 0, 0, 0, 0),
(203, 6, 1, 388, 161, 0, 0, 0, 0),
(204, 6, 1, 427, 161, 0, 0, 0, 0),
(205, 6, 1, 466, 161, 0, 0, 0, 0),
(206, 6, 1, 505, 161, 0, 0, 0, 0),
(207, 6, 1, 544, 161, 0, 0, 0, 0),
(208, 6, 1, 583, 161, 0, 0, 0, 0),
(209, 6, 1, 622, 161, 0, 0, 0, 0),
(210, 6, 1, 661, 161, 0, 0, 0, 0),
(211, 6, 1, 115, 200, 0, 0, 0, 0),
(212, 6, 1, 154, 200, 0, 0, 0, 0),
(213, 6, 1, 193, 200, 0, 0, 0, 0),
(214, 6, 1, 232, 200, 0, 0, 0, 0),
(215, 6, 1, 271, 200, 0, 0, 0, 0),
(216, 6, 1, 310, 200, 0, 0, 0, 0),
(217, 6, 1, 349, 200, 0, 0, 0, 0),
(218, 6, 1, 388, 200, 0, 0, 0, 0),
(219, 6, 1, 427, 200, 0, 0, 0, 0),
(220, 6, 1, 466, 200, 0, 0, 0, 0),
(221, 6, 1, 505, 200, 0, 0, 0, 0),
(222, 6, 1, 544, 200, 0, 0, 0, 0),
(223, 6, 1, 583, 200, 0, 0, 0, 0),
(224, 6, 1, 622, 200, 0, 0, 0, 0),
(225, 6, 1, 661, 200, 0, 0, 0, 0),
(226, 6, 1, 115, 239, 0, 0, 0, 0),
(227, 6, 1, 154, 239, 0, 0, 0, 0),
(228, 6, 1, 193, 239, 0, 0, 0, 0),
(229, 6, 1, 232, 239, 0, 0, 0, 0),
(230, 6, 1, 271, 239, 0, 0, 0, 0),
(231, 6, 1, 310, 239, 0, 0, 0, 0),
(232, 6, 1, 349, 239, 0, 0, 0, 0),
(233, 6, 1, 388, 239, 0, 0, 0, 0),
(234, 6, 1, 427, 239, 0, 0, 0, 0),
(235, 6, 1, 466, 239, 0, 0, 0, 0),
(236, 6, 1, 505, 239, 0, 0, 0, 0),
(237, 6, 1, 544, 239, 0, 0, 0, 0),
(238, 6, 1, 583, 239, 0, 0, 0, 0),
(239, 6, 1, 622, 239, 0, 0, 0, 0),
(240, 6, 1, 661, 239, 0, 0, 0, 0),
(241, 6, 1, 115, 278, 0, 0, 0, 0),
(242, 6, 1, 154, 278, 0, 0, 0, 0),
(243, 6, 1, 193, 278, 0, 0, 0, 0),
(244, 6, 1, 232, 278, 0, 0, 0, 0),
(245, 6, 1, 271, 278, 0, 0, 0, 0),
(246, 6, 1, 310, 278, 0, 0, 0, 0),
(247, 6, 1, 349, 278, 0, 0, 0, 0),
(248, 6, 1, 388, 278, 0, 0, 0, 0),
(249, 6, 1, 427, 278, 0, 0, 0, 0),
(250, 6, 1, 466, 278, 0, 0, 0, 0),
(251, 6, 1, 505, 278, 0, 0, 0, 0),
(252, 6, 1, 544, 278, 0, 0, 0, 0),
(253, 6, 1, 583, 278, 0, 0, 0, 0),
(254, 6, 1, 622, 278, 0, 0, 0, 0),
(255, 6, 1, 661, 278, 0, 0, 0, 0),
(256, 6, 1, 115, 317, 0, 0, 0, 0),
(257, 6, 1, 154, 317, 0, 0, 0, 0),
(258, 6, 1, 193, 317, 0, 0, 0, 0),
(259, 6, 1, 232, 317, 0, 0, 0, 0),
(260, 6, 1, 271, 317, 0, 0, 0, 0),
(261, 6, 1, 310, 317, 0, 1, 0, 0),
(262, 6, 1, 349, 317, 0, 0, 0, 0),
(263, 6, 1, 388, 317, 0, 0, 0, 0),
(264, 6, 1, 427, 317, 0, 0, 0, 0),
(265, 6, 1, 466, 317, 0, 0, 0, 0),
(266, 6, 1, 505, 317, 0, 0, 0, 0),
(267, 6, 1, 544, 317, 0, 0, 0, 0),
(268, 6, 1, 583, 317, 0, 0, 0, 0),
(269, 6, 1, 622, 317, 0, 0, 0, 0),
(270, 6, 1, 661, 317, 0, 0, 0, 0),
(271, 6, 1, 115, 356, 0, 0, 0, 0),
(272, 6, 1, 154, 356, 0, 0, 0, 0),
(273, 6, 1, 193, 356, 0, 0, 0, 0),
(274, 6, 1, 232, 356, 0, 0, 0, 0),
(275, 6, 1, 271, 356, 0, 0, 0, 0),
(276, 6, 1, 310, 356, 0, 0, 0, 0),
(277, 6, 1, 349, 356, 0, 0, 0, 0),
(278, 6, 1, 388, 356, 0, 0, 0, 0),
(279, 6, 1, 427, 356, 0, 0, 0, 0),
(280, 6, 1, 466, 356, 0, 0, 0, 0),
(281, 6, 1, 505, 356, 0, 0, 0, 0),
(282, 6, 1, 544, 356, 0, 0, 0, 0),
(283, 6, 1, 583, 356, 0, 0, 0, 0),
(284, 6, 1, 622, 356, 0, 0, 0, 0),
(285, 6, 1, 661, 356, 0, 0, 0, 0),
(286, 6, 1, 115, 395, 0, 0, 0, 0),
(287, 6, 1, 154, 395, 0, 0, 0, 0),
(288, 6, 1, 193, 395, 0, 0, 0, 0),
(289, 6, 1, 232, 395, 0, 0, 0, 0),
(290, 6, 1, 271, 395, 0, 0, 0, 0),
(291, 6, 1, 310, 395, 0, 0, 0, 0),
(292, 6, 1, 349, 395, 0, 0, 0, 0),
(293, 6, 1, 388, 395, 0, 0, 0, 0),
(294, 6, 1, 427, 395, 0, 0, 0, 0),
(295, 6, 1, 466, 395, 0, 0, 0, 0),
(296, 6, 1, 505, 395, 0, 0, 0, 0),
(297, 6, 1, 544, 395, 0, 0, 0, 0),
(298, 6, 1, 583, 395, 0, 0, 0, 0),
(299, 6, 1, 622, 395, 0, 0, 0, 0),
(300, 6, 1, 661, 395, 0, 0, 0, 0);

-- --------------------------------------------------------

--
-- Structure de la table `map`
--

DROP TABLE IF EXISTS `map`;
CREATE TABLE IF NOT EXISTS `map` (
  `id` int(11) NOT NULL AUTO_INCREMENT,
  `nom_map` varchar(50) NOT NULL,
  `createurId` int(11) NOT NULL,
  `createurName` varchar(30) NOT NULL,
  PRIMARY KEY (`id`)
) ENGINE=InnoDB AUTO_INCREMENT=7 DEFAULT CHARSET=latin1;

--
-- Déchargement des données de la table `map`
--

INSERT INTO `map` (`id`, `nom_map`, `createurId`, `createurName`) VALUES
(5, 'carte 1', 5, ''),
(6, 'carte 2', 1, 'loic');

-- --------------------------------------------------------

--
-- Structure de la table `test`
--

DROP TABLE IF EXISTS `test`;
CREATE TABLE IF NOT EXISTS `test` (
  `id` int(11) NOT NULL AUTO_INCREMENT,
  `id_map` int(11) NOT NULL,
  `resultat` varchar(50) NOT NULL,
  PRIMARY KEY (`id`),
  KEY `id_map` (`id_map`)
) ENGINE=InnoDB DEFAULT CHARSET=latin1;

-- --------------------------------------------------------

--
-- Structure de la table `user`
--

DROP TABLE IF EXISTS `user`;
CREATE TABLE IF NOT EXISTS `user` (
  `id` int(11) NOT NULL AUTO_INCREMENT,
  `user_name` varchar(30) NOT NULL,
  `user_mdp` varchar(255) NOT NULL,
  `role` varchar(30) DEFAULT NULL,
  PRIMARY KEY (`id`)
) ENGINE=MyISAM AUTO_INCREMENT=3 DEFAULT CHARSET=latin1;

--
-- Déchargement des données de la table `user`
--

INSERT INTO `user` (`id`, `user_name`, `user_mdp`, `role`) VALUES
(1, 'loic', '$2a$12$amfr3yb3ldMo.IKGnGJthOlGVLHCzc9q.uc9YBQ6R0J1YroqJKas6', 'admin'),
(2, 'admin', '$2a$12$aAzn1PcnmgHPdgkxbyAV0uv3Tc4P7rK3Xd88DYBCn3UoK5QzwRG5e', NULL);

--
-- Contraintes pour les tables déchargées
--

--
-- Contraintes pour la table `casemap`
--
ALTER TABLE `casemap`
  ADD CONSTRAINT `casemap_ibfk_1` FOREIGN KEY (`id_map`) REFERENCES `map` (`id`) ON DELETE CASCADE ON UPDATE CASCADE;

--
-- Contraintes pour la table `test`
--
ALTER TABLE `test`
  ADD CONSTRAINT `test_ibfk_1` FOREIGN KEY (`id_map`) REFERENCES `map` (`id`) ON DELETE CASCADE ON UPDATE CASCADE;
COMMIT;

/*!40101 SET CHARACTER_SET_CLIENT=@OLD_CHARACTER_SET_CLIENT */;
/*!40101 SET CHARACTER_SET_RESULTS=@OLD_CHARACTER_SET_RESULTS */;
/*!40101 SET COLLATION_CONNECTION=@OLD_COLLATION_CONNECTION */;
